name,year,pop_n,pop_u,wat_bas_n,wat_lim_n,wat_unimp_n,wat_sur_n,wat_bas_r,wat_lim_r,wat_unimp_r,wat_sur_r,wat_bas_u,wat_lim_u,wat_unimp_u,wat_sur_u
Croatia,2020,4105.268066,57.55299759,null,null,null,null,null,null,null,null,100,0,0,0
Croatia,2015,4232.874023,56.15500259,null,null,null,null,null,null,null,null,100,0,0,0
Argentina,2020,45195.77734,92.11100006,null,null,null,null,null,null,null,null,99.79042065,0,0.20957935,0
Greece,2015,10659.7373,78.04600525,100.0000046,0,0,0,100,0,0,0,100,0,0,0
Andorra,2020,77.26499939,87.91600037,100.0000037,0,0,0,100,0,0,0,100,0,0,0
Finland,2020,5540.717773,85.51700592,100.0000033,0,0,0,100,0,0,0,100,0,0,0
Switzerland,2020,8654.618164,73.91500092,100.0000028,0,0,0,100,0,0,0,100,0,0,0
Germany,2015,81787.41406,77.20000458,100.0000024,0,0,0,100,0,0,0,100,0,0,0
Iceland,2015,330.2369995,93.69999695,100.0000023,0,0,0,100,0,0,0,100,0,0,0
Greece,2020,10423.05566,79.71500397,100.0000023,0,0,0,100,0,0,0,100,0,0,0
Germany,2020,83783.94531,77.45300293,100.0000023,0,0,0,100,0,0,0,100,0,0,0
Greenland,2020,56.77199936,87.28200531,100.0000017,0,0,0,100,0,0,0,100,0,0,0
Israel,2015,7978.496094,92.17900085,100.0000015,0,0,0,100,0,0,0,100,0,0,0
United Kingdom,2015,65860.14844,82.62599945,100.0000015,0,0,0,100,0,0,0,100,0,0,0
New Zealand,2020,4822.23291,86.6989975,100.0000013,0,0,0,100,0,0,0,100,0,0,0
Norway,2015,5199.827148,81.09099579,100.0000012,0,0,0,100,0,0,0,100,0,0,0
Denmark,2020,5792.203125,88.11600494,100.0000011,0,0,0,100,0,0,0,100,0,0,0
Malta,2020,441.5390015,94.7440033,100.0000004,0,0,0,100,0,0,0,100,0,0,0
Saint Barthelemy,2020,9.885,100,100,0,0,0,null,null,null,null,100,0,0,0
Nauru,2015,10.3739996,100,100,0,0,0,null,null,null,null,100,0,0,0
Nauru,2020,10.83399963,100,100,0,0,0,null,null,null,null,100,0,0,0
Tuvalu,2015,11.09899998,59.72999954,100,0,0,0,100,0,0,0,100,0,0,0
Tuvalu,2020,11.79199982,64.01399994,100,0,0,0,100,0,0,0,100,0,0,0
San Marino,2015,33.27000046,96.73899841,100,0,0,0,null,null,null,null,null,null,null,null
Gibraltar,2020,33.69100189,100,100,0,0,0,null,null,null,null,100,0,0,0
Gibraltar,2015,33.74200058,100,100,0,0,0,null,null,null,null,100,0,0,0
San Marino,2020,33.93799973,97.49900055,100,0,0,0,null,null,null,null,null,null,null,null
Liechtenstein,2015,37.46500015,14.30300045,100,0,0,0,null,null,null,null,null,null,null,null
Monaco,2015,37.72299957,100,100,0,0,0,null,null,null,null,100,0,0,0
Liechtenstein,2020,38.13700104,14.41600037,100,0,0,0,null,null,null,null,null,null,null,null
Monaco,2020,39.24399948,100,100,0,0,0,null,null,null,null,100,0,0,0
Faeroe Islands,2015,48.05500031,41.63799667,100,0,0,0,null,null,null,null,null,null,null,null
Faeroe Islands,2020,48.86500168,42.39799881,100,0,0,0,null,null,null,null,null,null,null,null
Greenland,2015,56.37799835,86.07099915,100,0,0,0,100,0,0,0,100,0,0,0
Northern Mariana Islands,2020,57.55699921,91.79799652,100,0,0,0,null,null,null,null,null,null,null,null
French Polynesia,2015,273.118988,61.68300247,100,0,0,0,null,null,null,null,null,null,null,null
French Polynesia,2020,280.9039917,61.97500229,100,0,0,0,null,null,null,null,null,null,null,null
Malta,2015,433.5589905,94.41400146,100,0,0,0,100,0,0,0,100,0,0,0
"China, Macao SAR",2015,602.0930176,100,100,0,0,0,null,null,null,null,100,0,0,0
"China, Macao SAR",2020,649.34198,100,100,0,0,0,null,null,null,null,100,0,0,0
Réunion,2020,895.3079834,99.65900421,100,0,0,0,null,null,null,null,null,null,null,null
Bahrain,2015,1371.853027,88.99899292,100,0,0,0,null,null,null,null,null,null,null,null
Bahrain,2020,1701.583008,89.50600433,100,0,0,0,null,null,null,null,null,null,null,null
Puerto Rico,2020,2860.840088,93.58100128,100,0,0,0,null,null,null,null,null,null,null,null
Kuwait,2015,3835.587891,100,100,0,0,0,null,null,null,null,null,null,null,null
Kuwait,2020,4270.562988,100,100,0,0,0,null,null,null,null,null,null,null,null
Singapore,2015,5592.143066,100,100,0,0,0,null,null,null,null,100,0,0,0
Singapore,2020,5850.342773,100,100,0,0,0,null,null,null,null,100,0,0,0
Turkmenistan,2020,6031.187012,52.51600266,100,0,0,0,100,0,0,0,100,0,0,0
"China, Hong Kong SAR",2015,7185.992188,100,100,0,0,0,null,null,null,null,100,0,0,0
"China, Hong Kong SAR",2020,7496.987793,100,100,0,0,0,null,null,null,null,100,0,0,0
Switzerland,2015,8296.775391,73.71800232,100,0,0,0,100,0,0,0,100,0,0,0
Israel,2020,8655.541016,92.58699799,100,0,0,0,100,0,0,0,100,0,0,0
Austria,2015,8678.666992,57.71500015,100,0,0,0,100,0,0,0,100,0,0,0
Austria,2020,9006.400391,58.7480011,100,0,0,0,100,0,0,0,100,0,0,0
Romania,2020,19237.68164,54.19400024,100,0,0,0,100,0,0,0,100,0,0,0
Romania,2015,19925.18164,53.88699722,100,0,0,0,100,0,0,0,100,0,0,0
Saudi Arabia,2020,34813.86719,84.28700256,100,0,0,0,null,null,null,null,null,null,null,null
France,2015,64453.19531,79.65499878,100,0,0,0,100,0,0,0,100,0,0,0
Thailand,2020,69799.97656,51.43000031,100,0,0,0,100,0,0,0,100,0,0,0
Netherlands,2020,17134.87305,92.23600006,99.99999929,0,7.12409E-07,0,100,0,0,0,100,0,0,0
Chile,2020,19116.20898,87.72699738,99.99999872,0,1.27714E-06,0,100,0,0,0,100,0,0,0
Netherlands,2015,16938.49219,90.17299652,99.99999856,0,1.44134E-06,0,100,0,0,0,100,0,0,0
United Kingdom,2020,67886.00781,83.90299988,99.99999856,0,1.43853E-06,0,100,0,0,0,100,0,0,0
France,2020,65273.51172,80.97499847,99.9999985,0,1.49611E-06,0,100,0,0,0,100,0,0,0
Denmark,2015,5688.694824,87.52600098,99.99999785,0,2.14584E-06,0,100,0,0,0,100,0,0,0
Belgium,2015,11287.93066,97.87599945,99.9999977,0,2.29802E-06,0,100,0,0,0,100,0,0,0
Andorra,2015,77.99299622,88.34499359,99.99999755,0,2.44554E-06,0,100,0,0,0,100,0,0,0
Hungary,2020,9660.349609,71.94200134,99.99999747,0,2.52724E-06,0,100,0,0,0,100,0,0,0
New Zealand,2015,4614.526855,86.34099579,99.99999735,0,2.64535E-06,0,100,0,0,0,100,0,0,0
Iceland,2020,341.25,93.897995,99.99999721,0,2.79465E-06,0,100,0,0,0,100,0,0,0
Finland,2015,5481.12793,85.22499847,99.99999666,0,3.34065E-06,0,100,0,0,0,100,0,0,0
Belgium,2020,11589.61621,98.07899475,99.99999645,0,3.5548E-06,0,100,0,0,0,100,0,0,0
Norway,2020,5421.242188,82.97399139,99.9999955,0,4.50341E-06,0,100,0,0,0,100,0,0,0
Saint Martin (French part),2015,35.865,100,99.9997742,0,0.000225804,0,null,null,null,null,99.9997742,0,0.000225804,0
Saint Martin (French part),2020,38.659,100,99.99927139,0,0.000728611,0,null,null,null,null,99.99927139,0,0.000728611,0
Northern Mariana Islands,2015,55.77899933,91.35699463,99.98018339,0,0.019816612,0,null,null,null,null,null,null,null,null
Cook Islands,2020,17.56399918,75.49500275,99.97161022,0,0.028389783,0,null,null,null,null,null,null,null,null
United Arab Emirates,2015,9262.896484,85.6740036,99.97133247,0,0.028667534,0,null,null,null,null,null,null,null,null
Armenia,2020,2963.233887,63.31299973,99.97118069,0,0.028819308,0,100,0,0,0,99.95448122,0,0.045518784,0
Hungary,2015,9777.924805,70.5,99.97052896,0,0.029471039,0,99.90008972,0,0.099910285,0,100,0,0,0
Australia,2015,23932.49805,85.70100403,99.97000567,0,0.029994331,0,100,0,0,0,99.965,0,0.035,0
Australia,2020,25499.88086,86.24099731,99.96981182,0,0.030188179,0,100,0,0,0,99.965,0,0.035,0
Poland,2020,37846.60547,60.04300308,99.96659155,0,0.033408445,0,100,0,0,0,99.94435484,0,0.055645161,0
United Arab Emirates,2020,9890.400391,87.04799652,99.965596,0,0.034404,0,null,null,null,null,null,null,null,null
Saint Barthelemy,2015,9.696,100,99.96491927,0,0.035080726,0,null,null,null,null,99.96491927,0,0.035080726,0
Cook Islands,2015,17.58099937,74.40399933,99.95367102,0,0.046328976,0,null,null,null,null,null,null,null,null
Republic of Korea,2020,51269.18359,81.41400146,99.93139665,0,0.068603353,0,null,null,null,null,null,null,null,null
Spain,2015,46671.91797,79.60199738,99.92672046,0,0.073279544,0,100,0,0,0,99.90794521,0,0.092054795,0
Spain,2020,46754.78125,80.80999756,99.92561261,0,0.074387391,0,100,0,0,0,99.90794521,0,0.092054795,0
Luxembourg,2015,566.7410278,90.17900085,99.92517066,0,0.07482934,0,99.23809524,0,0.761904762,0,100,0,0,0
Italy,2020,60461.82813,71.03899384,99.91703407,0,0.082965926,0,null,null,null,null,null,null,null,null
Italy,2015,60578.48828,69.56500244,99.91703407,0,0.082965926,0,null,null,null,null,null,null,null,null
Portugal,2020,10196.70703,66.30999756,99.91199367,0,0.088006334,0,99.73877609,0,0.261223912,0,100,0,0,0
Réunion,2015,863.3590088,99.33900452,99.91153019,0,0.088469814,0,null,null,null,null,null,null,null,null
Portugal,2015,10368.3457,63.51399994,99.90468984,0,0.095310157,0,99.73877609,0,0.261223912,0,100,0,0,0
Bermuda,2020,62.27299881,100,99.90314002,0,0.096859983,0,null,null,null,null,99.90314002,0,0.096859983,0
Bermuda,2015,63.69499969,100,99.90314002,0,0.096859983,0,null,null,null,null,99.90314002,0,0.096859983,0
Brunei Darussalam,2020,437.4830017,78.25000763,99.9000368,0,0.0999632,0,null,null,null,null,99.65,0,0.35,0
Libya,2020,6871.287109,80.69100189,99.8915238,0,0.108476201,0,null,null,null,null,null,null,null,null
United States of America,2020,331002.6563,82.66400146,99.88352668,0,0.116473318,0,99.67078734,0,0.329212663,0,99.92814447,0,0.07185553,0
Czech Republic,2020,10708.98242,74.06100464,99.88059167,0,0.119408333,0,99.8175993,0,0.182400697,0,99.90265093,0,0.097349068,0
Czech Republic,2015,10601.38965,73.47699738,99.88009269,0,0.119907312,0,99.8175993,0,0.182400697,0,99.90265093,0,0.097349068,0
Luxembourg,2020,625.9760132,91.4529953,99.87993254,0,0.120067465,0,98.5952381,0,1.404761905,0,100,0,0,0
Mauritius,2015,1259.457031,41,99.86648182,0,0.133518181,0,99.82768234,0,0.172317662,0,99.92231522,0,0.077684781,0
Mauritius,2020,1271.766968,40.75999832,99.8662547,0,0.133745301,0,99.82768234,0,0.172317662,0,99.92231522,0,0.077684781,0
British Virgin Islands,2015,29.14800072,46.58300018,99.86438356,0,0.135616438,0,null,null,null,null,null,null,null,null
British Virgin Islands,2020,30.23699951,48.51499939,99.86438356,0,0.135616438,0,null,null,null,null,null,null,null,null
Martinique,2020,375.2650146,89.13999939,99.84197078,0,0.158029216,0,null,null,null,null,null,null,null,null
Sweden,2020,10099.26953,87.97699738,99.82686763,0,0.173132374,0,99.71937474,0,0.280625263,0,99.84155768,0,0.158442316,0
Costa Rica,2020,5094.11377,80.77099609,99.81053693,0.189459475,3.59445E-06,0,99.64625,0.35375,0,0,99.84965286,0.150347143,0,0
Guadeloupe,2020,400.1270142,98.49899292,99.80312604,0,0.196873961,0,null,null,null,null,null,null,null,null
Martinique,2015,378.4830017,88.98100281,99.79603,0,0.203969995,0,null,null,null,null,null,null,null,null
Cyprus,2015,1160.987061,66.94599915,99.78851757,0,0.211482435,0,99.86118554,0,0.138814455,0,99.75264231,0,0.247357694,0
Slovakia,2020,5459.643066,53.75999832,99.78769858,0.212301424,0,0,100,0,0,0,99.60509406,0.394905937,0,0
Slovakia,2015,5435.61377,53.88899994,99.78718913,0.212810867,0,0,100,0,0,0,99.60509406,0.394905937,0,0
Sweden,2015,9764.949219,86.5530014,99.78123103,0,0.218768973,0,99.54998653,0,0.450013466,0,99.81716039,0,0.182839615,0
American Samoa,2020,55.1969986,87.15299988,99.77377166,0,0.226228342,0,null,null,null,null,null,null,null,null
Cyprus,2020,1207.360962,66.82099915,99.76517318,0,0.234826817,0,99.84576172,0,0.154238284,0,99.72515812,0,0.274841883,0
Estonia,2015,1315.329956,68.41600037,99.75130757,0,0.248692429,0,99.24411581,0,0.75588419,0,99.98545421,0,0.014545793,0
Tokelau,2020,1.350000024,0,99.70767665,0,0.292323346,0,99.70767665,0,0.292323346,0,null,null,null,null
Guam,2015,161.8509979,94.53399658,99.6952,0,0.3048,0,null,null,null,null,null,null,null,null
Guam,2020,168.7830048,94.93800354,99.6952,0,0.3048,0,null,null,null,null,null,null,null,null
Qatar,2015,2565.708008,98.94499207,99.69150138,0,0.308498617,0,null,null,null,null,null,null,null,null
Mexico,2020,128932.75,80.73099518,99.67956828,0,0.320431717,0,98.33706893,0,1.662931067,0,100,0,0,0
Palau,2020,18.09199905,80.98799896,99.6575455,0,0.342454498,0,99.75698503,0,0.243014968,0,99.63420199,0,0.365798008,0
Palau,2015,17.66500092,78.15899658,99.63015085,0,0.36984915,0,99.61387148,0,0.386128517,0,99.63470173,0,0.365298271,0
American Samoa,2015,55.80599976,87.23800659,99.61910315,0,0.380896846,0,null,null,null,null,null,null,null,null
Guadeloupe,2015,400.2600098,98.44300079,99.61102813,0,0.388971872,0,null,null,null,null,null,null,null,null
Paraguay,2020,7132.529785,62.18299484,99.59346633,0.406530244,3.42292E-06,0,99.11122753,0.888772468,0,0,99.88674854,0.113251464,0,0
Estonia,2020,1326.53894,69.22900391,99.59078178,0,0.409218223,0,null,null,null,null,99.98545421,0,0.014545793,0
Qatar,2020,2881.060059,99.23500061,99.56810194,0,0.431898064,0,null,null,null,null,null,null,null,null
Armenia,2015,2925.559082,63.0850029,99.5525667,0,0.098505084,0.348928221,99.05477927,0,0,0.945220735,99.8438534,0,0.156146598,0
Saudi Arabia,2015,31717.67578,83.18000031,99.54802638,0,0.451973617,0,null,null,null,null,null,null,null,null
Maldives,2020,540.5419922,40.66899872,99.5444386,0.048050691,0.407510705,0,99.9190125,0.0809875,0,0,98.99798893,0,1.002011069,0
Brunei Darussalam,2015,414.9140015,76.66299438,99.50997616,0,0.396675834,0.093348003,99.05,0,0.55,0.4,99.65,0,0.35,0
Chile,2015,17969.35547,87.36000061,99.50649272,0,0.493507276,0,97.0676985,0,2.932301498,0,99.85935698,0,0.140643019,0
Slovenia,2015,2071.198975,53.78100586,99.5,0,0.5,0,null,null,null,null,null,null,null,null
Slovenia,2020,2078.931885,55.11800385,99.5,0,0.5,0,null,null,null,null,null,null,null,null
Curaçao,2015,159.8500061,89.35199738,99.49775185,0,0.502248153,0,null,null,null,null,null,null,null,null
Curaçao,2017,161.9859924,89.20300293,99.49775185,0,0.502248153,0,null,null,null,null,null,null,null,null
Uruguay,2020,3473.727051,95.51499939,99.49575756,0.504242441,0,0,95.30083,4.69917,0,0,99.69273444,0.307265562,0,0
Republic of Korea,2015,50823.08594,81.63400269,99.47274641,0,0.527253591,0,null,null,null,null,null,null,null,null
Tokelau,2015,1.246999979,0,99.457396,0,0.542604,0,99.457396,0,0.542604,0,null,null,null,null
United States of America,2015,320878.3125,81.67100525,99.44715776,0,0.552842237,0,97.78011851,0,2.219881485,0,99.82127981,0,0.178720194,0
Egypt,2020,102334.4063,42.78300095,99.44017596,0.237609109,0.322214927,0,99.33283515,0.335941822,0.331223032,0,99.5837311,0.106101207,0.310167694,0
Puerto Rico,2015,3381.511963,93.62400055,99.42544976,0,0.574550243,0,null,null,null,null,null,null,null,null
Costa Rica,2015,4847.805176,76.86199951,99.37868682,0.254130378,0.211335019,0.155847784,98.18603249,0.410061154,0.730348577,0.673557778,99.73771511,0.207190072,0.055094818,0
Wallis and Futuna Islands,2015,12.26200008,0,99.32138153,0,0.678618474,0,99.32138153,0,0.678618474,0,null,null,null,null
Brazil,2020,212559.4063,87.07299805,99.32085299,0.126549004,0.55259801,null,95.94525953,0.978950915,3.075789551,null,99.82200131,0,0.177998695,0
New Caledonia,2020,285.4909973,71.51799774,99.30532057,0,0.694679428,0,null,null,null,null,null,null,null,null
Thailand,2015,68714.51563,47.69400406,99.25917058,0.217652585,0.182251324,0.340925514,98.87951671,0.245671605,0.223021191,0.65179049,99.67553684,0.186924135,0.137539025,0
Poland,2015,38034.07422,60.27799606,99.23206988,0,0.767930125,0,98.53790323,0,1.462096774,0,99.68951613,0,0.310483871,0
Canada,2015,36026.66797,81.25900269,99.22922139,0,0.770778609,0,98.81619508,0,1.183804922,0,99.32447885,0,0.675521147,0
Canada,2020,37742.15625,81.56200409,99.22181066,0,0.778189337,0,99.0604959,0,0.939504101,0,99.25827766,0,0.741722337,0
Bulgaria,2015,7199.73877,73.98999786,99.19632731,0,0.803672691,0,98.01614034,0,1.98385966,0,99.61120772,0,0.388792276,0
Wallis and Futuna Islands,2020,11.24600029,0,99.14328736,0,0.856712639,0,99.14328736,0,0.856712639,0,null,null,null,null
Uruguay,2015,3412.012939,95.04499817,99.13139756,0.538104735,0.307497473,0.02300023,91.49584384,4.511550681,3.528423211,0.464182271,99.52946198,0.330956291,0.139581727,0
Egypt,2015,92442.54688,42.78499985,99.10671754,0.28637254,0.593439829,0.013470094,98.80187792,0.410346296,0.764232838,0.023542941,99.51436973,0.120586431,0.365043842,0
Saint Helena,2020,6.071000099,40.08200073,99.1,0,0.9,0,null,null,null,null,null,null,null,null
Japan,2020,126476.4609,91.78199768,99.07891245,0,0.921087547,0,null,null,null,null,null,null,null,null
Isle of Man,2015,83.23200226,52.24499893,99.075,0,0.925,0,null,null,null,null,null,null,null,null
Isle of Man,2020,85.03199768,52.89800262,99.075,0,0.925,0,null,null,null,null,null,null,null,null
Bulgaria,2020,6948.444824,75.68599701,99.01141694,0,0.988583061,0,97.40128797,0,2.598712031,0,99.5286704,0,0.471329601,0
Jordan,2015,9266.573242,90.25600433,99.00678491,0.152402984,0.781231165,0.059580938,97.36231539,0.624272552,1.973552059,0.03986,99.18431682,0.101460136,0.652513044,0.06171
Argentina,2015,43075.41406,91.50299835,98.96658815,0,0.664914379,0.368497474,92.98366005,0,2.679544899,4.336795051,99.52216305,0,0.477836947,0
Saint Helena,2015,5.868999958,39.5399971,98.95,0,1.05,0,null,null,null,null,null,null,null,null
Jordan,2020,10203.13965,91.41799927,98.94030296,0.146214737,0.85364747,0.059834832,97.31147869,0.623946595,2.024714716,0.03986,99.09321259,0.101366941,0.743710471,0.06171
Japan,2015,127985.1406,91.3809967,98.92280548,0,1.077194517,0,null,null,null,null,null,null,null,null
Bahamas,2015,374.2000122,82.74599457,98.8869605,0,1.113039503,0,null,null,null,null,null,null,null,null
Bahamas,2019,389.4859924,83.13199615,98.8869605,0,1.113039503,0,null,null,null,null,null,null,null,null
Trinidad and Tobago,2020,1399.490967,53.2140007,98.87517077,1.124829231,0,0,null,null,null,null,null,null,null,null
Montenegro,2020,628.0620117,67.48800659,98.85691652,0.54547882,0.592312011,0.005292651,98.16188754,0,1.821833386,0.01627907,99.19173959,0.808260413,0,0
Maldives,2015,454.9140015,38.52899933,98.81424429,0.11215788,1.073597835,0,98.87969927,0.166985282,0.953315453,0,98.70980569,0.024683622,1.265510688,0
Latvia,2020,1886.202026,68.31500244,98.78260115,0.682300742,0.535098104,0,98.57922314,0,1.42077686,0,98.87692469,0.998756815,0.124318491,0
Tonga,2020,105.6969986,23.09899902,98.73108083,0.881497296,0.387421878,0,98.46807854,1.103159706,0.428761755,0,99.60665819,0.143540536,0.249801276,0
United States Virgin Islands,2015,104.9499969,95.34999847,98.71827281,0,1.281727186,0,null,null,null,null,null,null,null,null
United States Virgin Islands,2020,104.4229965,95.93900299,98.71826738,0,1.281732624,0,null,null,null,null,null,null,null,null
Saint Kitts and Nevis,2015,51.20399857,30.82700157,98.61185413,0,1.388145868,0,null,null,null,null,null,null,null,null
Saint Kitts and Nevis,2017,52.0359993,30.7729969,98.61185413,0,1.388145868,0,null,null,null,null,null,null,null,null
Tonga,2015,100.7799988,23.27499962,98.54970535,0.878982122,0.571312529,0,98.39304823,1.102319124,0.504632648,0,99.06611056,0.142761567,0.791127873,0
Latvia,2015,1997.675049,67.97999573,98.52511728,0.678707423,0.796175293,0,97.85471901,0,2.145280992,0,98.84089334,0.998392862,0.1607138,0
Barbados,2020,287.3710022,31.19099998,98.51445042,0.267600576,1.217949005,0,null,null,null,null,null,null,null,null
Barbados,2015,285.3269958,31.24899864,98.47444474,0.267491906,1.258063351,0,null,null,null,null,null,null,null,null
Belize,2020,397.6210022,46.02500153,98.40195463,1.249110629,0.348934741,0,97.99520758,1.358317682,0.646474739,0,98.87896,1.12104,0,0
Iraq,2020,40222.50391,70.89299774,98.35990325,0.89216035,2.4279E-06,0.747933971,94.83114678,2.599251339,0,2.569601877,99.80873103,0.19126897,0,0
New Caledonia,2015,271.0620117,69.37900543,98.13855849,0,1.861441508,0,null,null,null,null,null,null,null,null
Trinidad and Tobago,2015,1370.332031,53.31900024,98.13617765,1.116422256,0.569281923,0.178118173,null,null,null,null,null,null,null,null
Montserrat,2020,4.999000072,9.114999771,98.07748262,0,1.922517378,0,null,null,null,null,null,null,null,null
Montserrat,2015,4.96600008,9.041000366,98.07082056,0,1.929179439,0,null,null,null,null,null,null,null,null
Mexico,2015,121858.25,79.28499603,98.02544354,0,1.412360964,0.562195492,93.28669403,0,4.310938852,2.402367121,99.2635529,0,0.655038006,0.081409095
Lithuania,2020,2722.291016,68.04599762,98.01334724,0,1.98665276,0,93.78278023,0,6.217219771,0,100,0,0,0
Suriname,2020,586.6339722,66.14900208,97.98963167,1.067246941,0.379336507,0.563784884,96.57441263,1.60029586,0.159801795,1.66548972,98.71385387,0.794465237,0.491680893,0
El Salvador,2020,6486.201172,73.44400024,97.94657541,0.207263232,0.315173997,1.530987366,93.45439508,0.780476205,0,5.765128712,99.57087001,0,0.429129994,0
West Bank and Gaza Strip,2020,5101.416016,76.71899414,97.88039722,1.029979486,1.089623295,null,98.71555642,0.317400627,0.967042958,null,97.62696443,1.246217358,1.126818208,null
Aruba,2015,104.3389969,43.10800171,97.86902338,0,1.95993621,0.171040409,null,null,null,null,null,null,null,null
Aruba,2016,104.8649979,43.19199753,97.86902338,0,1.95993621,0.171040409,null,null,null,null,null,null,null,null
Uzbekistan,2020,33469.19922,50.41599655,97.82878485,0,0.22384422,1.947370925,96.07258236,0,0,3.927417637,99.55600556,0,0.443994443,0
Brazil,2015,204471.7656,85.77000427,97.80356759,0.579500023,0.474965709,1.141966676,88.75602818,2.853773578,0.365134238,8.025064008,99.30463102,0.202177934,0.493191045,0
North Macedonia,2020,2083.379883,58.48199844,97.74281579,1.63499414,0.574228476,0.047961597,97.46871457,1.505202232,0.910563198,0.11552,97.93740299,1.727136954,0.335460056,0
Bangladesh,2020,164689.3906,38.17700195,97.69796025,1.156425878,0.4626557,0.682958174,97.88023776,0.85810498,0.316480241,0.945177015,97.40277797,1.639520121,0.699375215,0.258326693
Turkmenistan,2015,5565.283203,50.31700134,97.65894431,0.947915055,0.247750032,1.145390606,96.21978316,1.000954429,0.473864865,2.305397551,99.07997172,0.895543988,0.024484295,0
Niue,2015,1.610000014,42.56800079,97.60613941,0,2.393860594,0,null,null,null,null,null,null,null,null
Tunisia,2020,11818.61816,69.56800079,97.54330899,1.63135067,0.825340338,0,93.93623193,3.351687357,2.71208071,0,99.12119763,0.878802368,0,0
Uzbekistan,2015,30929.55664,50.75,97.52857826,0,0,2.471421736,95.64239155,0,0,4.357608451,99.35901562,0,0,0.640984384
Colombia,2020,50882.88281,81.42499542,97.49165711,0.186152159,0.953616223,1.368574512,86.76707282,0.731228202,5.13386897,7.367830005,99.9381928,0.0618072,0,0
Iran (Islamic Republic of),2020,83992.95313,75.87400055,97.48263633,1.938311229,0.513797363,0.065255082,93.82873538,4.297948765,1.602839669,0.270476191,98.64448672,1.188006671,0.167506608,0
Anguilla,2015,14.27900028,100,97.48227425,0,2.517725753,0,null,null,null,null,97.48227425,0,2.517725753,0
Anguilla,2017,14.5880003,100,97.48227425,0,2.517725753,0,null,null,null,null,97.48227425,0,2.517725753,0
North Macedonia,2015,2079.334961,57.40799713,97.47233283,1.885991713,0.592473175,0.04920228,97.63323313,1.2224645,1.028782373,0.11552,97.35295808,2.37827419,0.268767728,0
Ireland,2020,4937.795898,63.65299988,97.39970651,0,2.600293485,0,98.13492075,0,1.865079247,0,96.97988603,0,3.020113966,0
Montenegro,2015,626.9569702,65.80599976,97.39129537,1.68690191,0.881445846,0.04035687,95.96066218,1.539303155,2.38201141,0.118023256,98.13467845,1.763596913,0.101724636,0
Ireland,2015,4652.419922,62.5379982,97.37212799,0,2.627872008,0,98.01681619,0,1.983183812,0,96.98594181,0,3.014058189,0
Georgia,2020,3989.175049,59.4529953,97.3481397,0,2.632761379,0.019098923,94.2718842,0,5.703923618,0.024192183,99.44615394,0,0.538220742,0.015625316
Bhutan,2020,771.6119995,42.31599808,97.31322263,2.460712607,0.176424218,0.049640541,96.73119365,3.268806351,0,0,98.10662849,1.3591415,0.416920848,0.117309159
Libya,2015,6418.314941,79.27000427,97.28161516,0,2.718384841,0,null,null,null,null,null,null,null,null
Belize,2015,360.9259949,45.40599823,97.17559498,1.227940493,1.568222535,0.028241988,95.65383206,1.421919005,2.872517994,0.051730936,99.00529,0.99471,0,0
Bangladesh,2015,156256.2813,34.30800247,97.10160247,1.087988961,0.721561658,1.08884691,96.77301128,1.046214162,0.731747322,1.449027237,97.73077968,1.167978177,0.702058435,0.399183707
Malaysia,2020,32365.99805,77.15999603,97.09990707,0.354539687,2.545553241,null,90.19744812,0.544451397,9.258100478,null,99.14309591,0.298324261,0.468579832,0.09
Malaysia,2015,30270.96484,74.21299744,97.05220256,0.3630055,2.584791939,null,90.91830922,0.548802671,8.532888105,null,99.18356605,0.298446036,0.427987911,0.09
Turkey,2020,84339.07031,76.10500336,97.01426916,2.023078075,0.737674955,0.224977809,96.02516977,2.684574639,0.788255591,0.502,97.32481783,1.815385203,0.721796963,0.138
Niue,2020,1.618000031,46.20200348,97.01087618,0,2.989123822,0,null,null,null,null,null,null,null,null
Cuba,2020,11326.61621,77.19400024,97.00269616,1.471384542,1.252811506,0.273107796,94.38665114,2.591752445,1.905972935,1.115623477,97.77557664,1.1403859,1.059840374,0.024197084
Russian Federation,2020,145934.4531,74.75400543,96.99254807,0.621996377,2.38545555,null,91.54410196,1.583163513,6.872734531,null,98.83259961,0.297389969,0.670010424,0.2
Saint Lucia,2020,183.6289978,18.8409996,96.88784457,1.815652166,1.296503269,0,96.81402383,1.734152255,1.451823918,0,97.20582219,2.166718886,0.627458924,0
Viet Nam,2020,97338.58594,37.34000015,96.88435687,0,3.115643126,0,95.51453844,0,4.48546156,0,99.18304001,0,0.816959987,0
Seychelles,2019,97.74099731,57.1190033,96.85174689,0,3.148253109,null,null,null,null,null,null,null,null,null
Mayotte,2015,240.0110016,46.98900223,96.83781128,0,0.282018467,2.880170256,null,null,null,null,null,null,null,null
Paraguay,2015,6688.746094,60.75,96.83621453,0.328424003,2.756768199,0.078593267,93.34470029,0.69766644,5.757395646,0.200237629,99.09204873,0.089859971,0.818091301,0
Iran (Islamic Republic of),2015,78492.21094,73.35800171,96.80698708,1.994891573,1.126061081,0.072060266,92.16250265,4.221624781,3.345396383,0.270476191,98.49376087,1.186191432,0.320047696,0
Antigua and Barbuda,2015,93.57099915,25,96.73918628,0,3.16634761,0.094466114,null,null,null,null,null,null,null,null
Antigua and Barbuda,2017,95.42500305,24.71300125,96.73918628,0,3.16634761,0.094466114,null,null,null,null,null,null,null,null
Dominican Republic,2020,10847.9043,82.54000092,96.68681192,0.46703865,1.269428783,1.576720644,90.30446437,1.385315508,1.115118127,7.195101991,98.03689158,0.272792036,1.302073396,0.388242992
Lithuania,2015,2931.87207,67.22999573,96.60413858,0,3.395861422,0,90.71848441,0,9.281515589,0,99.47299035,0,0.52700965,0
Belarus,2020,9449.321289,79.48300171,96.53472608,3.37211955,0.093154368,0,98.56412231,0.995597195,0.440280493,0,96.01087362,3.985572644,0.003553732,0
Russian Federation,2015,144985.0625,74.04999542,96.52715543,0.624486534,2.848358036,null,90.11010901,1.558364042,8.331526946,null,98.77593489,0.297219463,0.726845642,0.2
Belarus,2015,9439.423828,77.18099976,96.47706709,3.300130108,0.2228028,0,98.3306716,0.993239107,0.67608929,0,95.92903518,3.982175393,0.088789424,0
West Bank and Gaza Strip,2015,4529.160156,75.36799622,96.37985671,0.587534664,3.032608622,null,95.38114235,0.992731209,3.626126441,null,96.70625962,0.45510708,2.838633298,null
Mayotte,2020,272.8129883,45.75099945,96.37117971,0,3.628820295,null,null,null,null,null,null,null,null,null
Colombia,2015,47520.66797,79.76399994,96.33586812,0.18405199,1.703445062,1.776634827,83.27372585,0.687665626,7.259032355,8.779576172,99.64971237,0.05628603,0.294001603,0
Turkey,2015,78529.41406,73.61100006,96.25615912,2.026747602,1.518870713,0.198222567,94.20388299,2.633656944,2.740460064,0.422,96.99188504,1.809175058,1.080939898,0.118
Seychelles,2015,94.98100281,55.40000153,96.2508915,0,0,3.749108502,null,null,null,null,null,null,null,null
Bhutan,2015,727.8850098,38.6780014,96.22142259,2.496596292,0.296187375,0.985793738,95.16436295,3.215858941,0.193598701,1.426179411,97.89733678,1.356242032,0.458836489,0.287584704
Bosnia and Herzegovina,2015,3429.362061,47.17299652,96.15984418,3.780069975,0.060085849,0,97.33333333,2.666666667,0,0,94.8457044,5.026922206,0.127373393,0
Cayman Islands,2015,61.72100067,100,96.125,0,3.875,0,null,null,null,null,96.125,0,3.875,0
Cayman Islands,2016,62.56399918,100,96.125,0,3.875,0,null,null,null,null,96.125,0,3.875,0
Bosnia and Herzegovina,2020,3280.814941,49.02000046,96.11389762,3.823663938,0.062438438,0,97.33333333,2.666666667,0,0,94.8457044,5.026922206,0.127373393,0
Dominican Republic,2015,10281.6748,78.56600189,96.0993385,0.695212216,1.550594498,1.654854791,89.21104378,1.822877161,2.441888623,6.52419044,97.97856981,0.387568108,1.307435937,0.326426144
Azerbaijan,2020,10139.1748,56.39700317,96.04337613,1.04278118,2.913842688,0,90.92579795,2.391535671,6.682666377,0,100,0,0,0
Cuba,2015,11324.77734,76.89600372,95.87179647,1.750253789,1.99464,0.383309736,90.44506066,3.362197131,4.747322467,1.445419738,97.50230137,1.2659329,1.167575187,0.064190542
Georgia,2015,4024.179932,57.44799805,95.75472951,0.951964558,3.239894931,0.053410995,91.29515059,1.893756292,6.700216388,0.110876732,99.05796545,0.254375086,0.676813605,0.010845859
Suriname,2015,559.1359863,66.05599976,95.74769217,0.882801398,1.013834976,2.35567146,90.57961632,1.285032142,1.200506574,6.934844965,98.4033997,0.676108333,0.917906514,0.002585455
Honduras,2020,9904.608398,58.35899734,95.68922113,0.425620609,3.885158264,0,89.87579955,0.806709508,9.317490946,0,99.83728281,0.153701526,0.009015663,0
Grenada,2015,109.6029968,35.99700165,95.62865044,1.161481584,0,3.209867972,null,null,null,null,null,null,null,null
Grenada,2017,110.8740005,36.16400146,95.62865044,1.161481584,0,3.209867972,null,null,null,null,null,null,null,null
Saint Lucia,2015,179.1309967,18.51499939,95.56809428,1.790210415,2.641695303,0,95.31226124,1.707252381,2.980486378,0,96.69403318,2.155311103,1.150655713,0
El Salvador,2015,6325.121094,69.69999695,95.56213774,0.580479777,1.161950545,2.695431942,87.96121432,1.734743718,2.481033956,7.823008005,98.86641785,0.078697978,0.58851289,0.466371286
Guyana,2020,786.559021,26.7859993,95.55480685,1.205244408,1.143069849,2.096878897,93.9284905,1.646193862,1.561274833,2.864040809,100,0,0,0
Kazakhstan,2020,18776.70703,57.67100143,95.43497032,1.941425039,2.545956934,0.077647705,91.93925234,1.862616064,6.014693049,0.183438544,98.00073133,1.999268673,0,0
Dominica,2015,71.17500305,69.57899475,95.42065606,0,4.579343937,0,null,null,null,null,null,null,null,null
Dominica,2017,71.45999908,70.18099976,95.42065606,0,4.579343937,0,null,null,null,null,null,null,null,null
Ecuador,2020,17643.06055,64.16600037,95.35976356,0.003451463,2.604485389,2.032299589,87.05074495,0.009631811,7.26819549,5.671427747,100,0,0,0
Sint Maarten (Dutch part),2015,39.96699905,100,95.31117933,0,4.68882067,0,null,null,null,null,95.31117933,0,4.68882067,0
Sint Maarten (Dutch part),2017,41.44400024,100,95.31117933,0,4.68882067,0,null,null,null,null,95.31117933,0,4.68882067,0
Falkland Islands (Malvinas),2020,3.48300004,78.50799561,95.3089274,0,4.691072596,0,78.17294282,0,21.82705718,0,100,0,0,0
Serbia,2020,8737.370117,56.44599915,95.29552932,4.244199279,0.443720478,0.016550926,95.84497475,3.545864028,0.571160287,0.038000931,94.87156989,4.783037865,0.345392245,0
Democratic People's Republic of Korea,2015,25183.83203,61.27700424,95.21488171,0.68500239,3.829054918,0.27106098,91.61696842,0.367939632,7.315091944,0.7,97.48852402,0.885365001,1.626110978,0
Guyana,2015,767.4329834,26.44099808,95.16185695,1.233247953,1.344803287,2.260091808,93.42276971,1.676542504,1.82819943,3.072488358,100,0,0,0
Saint Vincent and the Grenadines,2015,109.1350021,50.96399689,95.1452199,0,4.070093703,0.784686397,null,null,null,null,null,null,null,null
Saint Vincent and the Grenadines,2018,110.2099991,52.19799805,95.1452199,0,4.8547801,null,null,null,null,null,null,null,null,null
Albania,2020,2877.800049,62.11199951,95.06803883,1.884656092,3.047305081,0,94.09135806,2.305264955,3.603376986,0,95.66380912,1.62808683,2.708104054,0
Kazakhstan,2015,17572.00977,57.19100189,95.02533441,1.812908425,2.904392652,0.257364511,90.74749784,1.86677185,6.784537749,0.601192556,98.22740979,1.772590206,0,0
Tunisia,2015,11179.95117,68.05599976,94.8454551,2.900100393,2.179103077,0.075341425,85.59067297,7.6364837,6.53698864,0.235854691,99.18944794,0.676945398,0.133606666,0
Falkland Islands (Malvinas),2015,2.835999966,76.26800537,94.82000666,0,5.179993343,0,78.17294282,0,21.82705718,0,100,0,0,0
Venezuela (Bolivarian Republic of),2015,30081.82617,88.15399933,94.57127501,0.475232538,3.575264261,1.378228192,null,null,null,null,null,null,null,null
Algeria,2020,43851.04297,73.73300171,94.43732996,4.985880842,0.531836664,0.044952533,90.03753791,8.79672214,0.994603028,0.171136926,96.00473586,3.628288591,0.366975548,0
Panama,2020,4314.768066,68.41400146,94.37254436,1.873480592,2.262304247,1.491670799,86.32308326,1.791982583,7.162364342,4.722569811,98.08889267,1.911107333,0,0
Turks and Caicos Islands,2015,35.97900009,92.19499207,94.31818182,0,5.681818182,0,null,null,null,null,null,null,null,null
Turks and Caicos Islands,2018,37.66699982,93.09799957,94.31818182,0,5.681818182,0,null,null,null,null,null,null,null,null
Fiji,2020,896.4439697,57.24700546,94.30106524,0,3.318602766,2.380331999,89.08802405,0,5.759897938,5.152078012,98.19424406,0,1.495409344,0.310346592
Fiji,2015,868.632019,54.72599792,94.26255867,0,3.419365936,2.318075395,89.37852739,0,5.829467811,4.792004795,98.30304467,0,1.425524712,0.271430614
China,2020,1463140.5,61.71308899,94.26111059,0.81472133,4.725451938,0.198716144,89.66123351,1.832679086,8.506087409,0,97.11488267,0.183178493,2.37993884,0.322
Iraq,2015,35572.26953,69.92099762,94.2475933,1.056676215,1.737911036,2.95781945,84.76271011,2.830616935,2.77640479,9.630268161,98.3278526,0.293552623,1.291166071,0.087428702
Channel Islands,2015,165.3869934,30.96199799,94.15,0,5.85,0,null,null,null,null,null,null,null,null
Channel Islands,2017,168.6660004,30.91399956,94.15,0,5.85,0,null,null,null,null,null,null,null,null
Philippines,2020,109581.0859,47.40799713,94.10903456,2.856486137,3.034479307,0,91.06193322,3.959520428,4.978546347,0,97.4893325,1.632836465,0.877831036,0
Guatemala,2020,17915.56641,51.83599854,94.00642827,1.034150511,3.215911815,1.743509404,90.1193298,1.849169999,4.583438691,3.448061508,97.61816944,0.276866006,1.94525887,0.159705685
Ukraine,2020,43733.75781,69.60800171,93.92828195,5.671978717,0.075904501,0.323834836,100,0,0,0,91.27727011,8.14845779,0.109045653,0.465226445
Syrian Arab Republic,2020,17500.65625,55.47500229,93.92585718,5.873730768,0.200412054,0,92.082745,7.917255,0,0,95.40516436,4.233570117,0.361265525,0
South Africa,2020,59308.69141,67.35400391,93.88505744,2.772736186,1.410816657,1.931389712,83.32948118,6.977359359,3.776999287,5.916160173,99.00126484,0.734785403,0.263949755,0
Democratic People's Republic of Korea,2020,25778.81445,62.38100052,93.84384303,0.683131187,5.20969278,0.263333006,88.75362488,0.356440261,10.18993486,0.7,96.91351044,0.88014288,2.206346677,0
French Guiana,2020,298.6820068,85.81999969,93.78221635,0,6.217783652,0,null,null,null,null,null,null,null,null
Venezuela (Bolivarian Republic of),2020,28435.94336,88.27899933,93.68580071,0.470782918,5.843416373,null,null,null,null,null,null,null,null,null
Ukraine,2015,44921.63672,69.06100464,93.65690669,5.630873723,0.436456349,0.27576324,98.84311161,0,0.944405312,0.212483082,91.33350853,8.153478277,0.208900756,0.304112441
French Guiana,2015,261.0079956,84.48200226,93.56205657,0,6.437943425,0,null,null,null,null,null,null,null,null
Syrian Arab Republic,2015,17997.41016,52.16799927,93.50961148,5.968083628,0.522304888,0,91.3857051,7.857323656,0.756971244,0,95.45698719,4.235869737,0.30714307,0
Algeria,2015,39728.01953,70.84799957,93.40956153,5.157780893,1.275464684,0.157192891,88.35270686,8.685753121,2.580431801,0.381108216,95.4903147,3.706117317,0.738510085,0.065057898
Albania,2015,2890.523926,57.43399811,93.39432534,3.626383658,2.979291004,0,90.62727461,5.263172648,4.109552744,0,95.44506696,2.41331182,2.141621216,0
Bolivia (Plurinational State of),2020,11673.0293,70.1230011,93.39007163,0.13659053,1.575010843,4.898326997,79.93664283,0.244736408,3.954133693,15.86448707,99.12211832,0.090513289,0.561345381,0.226023011
Serbia,2015,8876.777344,55.69599915,93.3864573,6.112096052,0.483543634,0.017903016,94.72352905,4.600438201,0.635623269,0.040409478,92.32286869,7.314561109,0.362570197,0
Viet Nam,2015,92677.07813,33.80900192,93.32806058,0.052071838,6.163618036,0.456249546,90.83306799,0,8.477639565,0.689292443,98.21274352,0.154017681,1.633238796,0
Honduras,2015,9112.904297,55.1649971,93.25441071,0.431754107,6.022156156,0.291679028,86.43707375,0.775844105,12.14597638,0.641105767,98.79516268,0.152097161,1.04505549,0.007684674
Peru,2020,32971.84766,78.2970047,93.13936621,0.849559351,4.150468349,1.860606087,80.79943849,1.596943771,9.612691163,7.990926578,96.55984408,0.642393236,2.636408693,0.161353995
Ecuador,2015,16212.02246,63.39799881,93.0637795,0.199760176,3.119565114,3.616895212,82.55248195,0.445629255,7.379055031,9.62283376,99.1323392,0.05781089,0.660404507,0.149445407
Panama,2015,3968.48999,66.69599915,92.90436561,1.845644171,3.160016841,2.08997338,83.67957953,1.737106037,8.379298168,6.20401626,97.51067739,1.899841721,0.553814839,0.035666046
Lebanon,2020,6825.441895,88.92499542,92.6,7.4,0,0,null,null,null,null,null,null,null,null
Azerbaijan,2015,9622.741211,54.7140007,92.42031398,1.002242415,4.365089522,2.21235408,84.14321327,2.213139731,8.988206006,4.655440992,99.27115203,0,0.538602035,0.190245934
Indonesia,2020,273523.625,56.64099884,92.41534961,0.855474634,5.553871666,1.175304087,85.66796238,1.17809123,10.61491462,2.539031772,97.58051207,0.608509835,1.679615139,0.131362959
Sri Lanka,2020,21413.25,18.71299934,92.22757937,0.59545815,5.348927064,1.82803542,90.5374357,0.703209904,6.510488612,2.248865782,99.56938019,0.12739779,0.30322202,0
Botswana,2020,2351.625,70.8769989,92.21356307,4.72303897,1.732526476,1.330871481,79.04372386,15.15494718,1.596119156,4.20520981,97.62498058,0.436620032,1.788579159,0.149820228
Oman,2020,5106.62207,86.27599335,92.16802469,7.541419893,0.260405204,0.030150217,76.25077991,21.63212113,1.897409218,0.219689738,94.7,5.3,0,0
Guatemala,2015,16252.4248,49.97100067,92.13403385,0.968451749,4.765261087,2.132253313,87.24275618,1.650901287,7.052091828,4.054250709,97.03098891,0.28521008,2.475775984,0.208025023
Philippines,2015,102113.2031,46.2840004,92.01770102,2.920429319,4.532138462,0.529731194,88.20816233,3.825892542,7.111213037,0.854732094,96.43895214,1.869572353,1.538931873,0.152543639
South Africa,2015,55386.36719,64.82800293,91.87634387,2.803155965,2.078820804,3.241679359,79.03373853,6.61766745,5.131945818,9.216648202,98.84401345,0.733618286,0.42236826,0
Samoa,2020,198.4100037,17.88899994,91.83772455,6.520899952,1.418623428,0.222752068,91.78032287,6.220703339,1.72769216,0.271281633,92.10119,7.89881,0,0
China,2015,1430405.375,55.85270691,91.76264123,0.818762662,6.782077407,0.636518701,84.47918792,1.51186307,12.95294901,1.056,97.51965397,0.270919804,1.90447541,0.30495082
Kyrgyzstan,2020,6524.190918,36.85599899,91.69930522,1.900734111,1.8656487,4.534311965,87.258429,2.606070485,2.954593684,7.180906832,99.30769231,0.692307692,0,0
Saint Pierre and Miquelon,2020,5.795000076,89.96199799,91.4,0,8.6,0,null,null,null,null,null,null,null,null
Saint Pierre and Miquelon,2015,5.992000103,89.88899994,91.4,0,8.6,0,null,null,null,null,null,null,null,null
Samoa,2015,193.5099945,18.91400146,91.32139736,6.499281296,1.929815904,0.249505441,91.38641565,6.194005024,2.148529534,0.271049796,91.04264868,7.808027061,0.992181402,0.157142857
Vanuatu,2020,307.1499939,25.52500153,91.23119075,1.06238505,0,7.706424202,88.39720123,1.255132675,0,10.3476661,99.5,0.5,0,0
Lebanon,2015,6532.681152,88.10600281,91.22432251,7.29006465,1.34019284,0.14542,null,null,null,null,null,null,null,null
Jamaica,2020,2961.160889,56.31100082,91.0299445,5.367570914,1.864010203,1.738474379,85.39991216,8.490737371,2.568971895,3.540378574,95.39801591,2.944456223,1.317064322,0.34046355
Republic of Moldova,2020,4033.962891,42.84900284,90.56996224,1.519776762,7.910260997,0,85.48103812,1.52256302,12.99639886,0,97.35744448,1.516060408,1.126495111,0
India,2020,1380004.375,34.9260025,90.48952503,4.983602562,3.963153945,0.563718463,88.78250313,5.902210054,4.57637573,0.738911086,93.6700363,3.272056027,2.820607523,0.237300154
Bolivia (Plurinational State of),2015,10869.73242,68.39299774,90.46214101,0.172898398,2.832457169,6.532503425,73.7401802,0.339968784,5.911800536,20.00805048,98.18999708,0.095688834,1.40937247,0.304941615
Jamaica,2015,2891.023926,54.833004,90.41679629,5.407336603,2.169821217,2.006045893,84.5007099,8.401335753,3.055395678,4.042558671,95.28999024,2.941122015,1.440356529,0.328531215
Morocco,2020,36910.55859,63.53199768,90.40234468,5.263549601,2.8776725,1.456433219,77.34612896,12.03707816,6.623063373,3.993729502,97.89674601,1.375477117,0.727776876,0
Peru,2015,30470.73828,77.35700226,90.28200304,0.932583472,5.763626055,3.021787439,73.28762384,1.523040337,12.99206766,12.19726817,95.25638702,0.75975209,3.647808558,0.336052329
Oman,2015,4267.34082,81.34999847,90.23848564,8.208802788,1.473142599,0.079568975,74.36690846,21.09767236,4.386731832,0.148687351,93.87714508,5.253947929,0.805183842,0.06372315
Pakistan,2020,220892.3281,37.16500092,90.14896508,3.822279525,4.413307574,1.61544782,88.59986076,3.852278117,5.174596509,2.373264617,92.76804985,3.771561162,3.126184571,0.334204422
Sri Lanka,2015,20908.02344,18.25600052,90.11102857,0.912801294,6.761522893,2.214647247,88.25710614,1.016290258,8.017356135,2.709247463,98.41224652,0.449413809,1.138339672,0
Nepal,2020,29136.80859,20.57600021,90.07454179,3.979825725,4.699081176,1.246551314,90.20327165,4.207348246,4.269023951,1.320356149,89.57763316,3.101581411,6.359123168,0.961662259
Vanuatu,2015,271.1279907,24.96100235,89.98817649,1.05094321,1.545004807,7.415875488,86.97805066,1.234982464,1.904272063,9.882694813,99.03735599,0.497675156,0.464968853,0
Pakistan,2015,199426.9531,36.02600098,89.45498234,3.65595302,4.42169119,2.467373447,87.15095676,3.956563839,5.236412879,3.656066523,93.54640884,3.122136433,2.974930389,0.35652434
Cabo Verde,2020,555.9879761,66.65200043,88.76960642,7.904150846,3.209147716,0.117095014,80.11452544,9.911127022,9.623217003,0.35113054,93.1,6.9,0,0
Republic of Moldova,2015,4070.705078,42.48999786,88.5760319,1.485629517,9.938338582,0,82.54249075,1.470222482,15.98728677,0,96.7423994,1.506482861,1.751117739,0
Marshall Islands,2020,59.19400024,77.79399109,88.57204698,11.387979,0.039974026,0,94.42972,5.39028,0.18,0,86.9,13.1,0,0
Indonesia,2015,258383.25,53.31299973,88.52735296,0.794130523,8.943859564,1.734656954,80.63079119,0.974045732,14.98518808,3.409975001,95.44249176,0.636576048,3.653376641,0.267555553
Botswana,2015,2120.716064,67.15499878,88.44628953,8.41061416,1.578349601,1.564746708,71.89253383,21.78932755,1.854197906,4.463940709,96.54260258,1.867186166,1.443438497,0.146772762
Kyrgyzstan,2015,5959.125977,35.77700043,88.44176125,1.789935836,2.248062905,7.520240013,83.10521764,2.415973654,3.353168783,11.12563993,98.02134645,0.666140537,0.264296504,1.04821651
Marshall Islands,2015,57.44400024,75.81099701,88.34252362,11.18141559,0.476060792,0,94.27836,5.38164,0.34,0,86.44857737,13.03194895,0.519473684,0
Micronesia (Federated States of),2015,108.8860016,22.45599937,88.30815668,0,11.69184332,null,null,null,null,null,null,null,null,null
Micronesia (Federated States of),2019,113.810997,22.81200027,88.30815668,0,11.69184332,null,null,null,null,null,null,null,null,null
India,2015,1310152.375,32.77700043,88.13813263,4.692599015,6.412451552,0.756816804,85.57200035,5.542133893,7.880870004,1.004995751,93.40106461,2.950270954,3.4008428,0.247821641
Nepal,2015,27015.0332,18.55699921,87.80846759,3.167904459,7.264208528,1.759419423,87.24197964,3.310271258,7.531317484,1.916431618,90.2946711,2.543084752,6.091920182,1.07032397
Ghana,2020,31072.94531,57.34899902,85.79099665,6.586062113,2.812216176,4.810725058,71.89275005,11.93454827,4.999356483,11.17334519,96.12725952,2.608342455,1.185613803,0.078784218
Mongolia,2020,3278.291992,68.65699768,85.49562527,2.14642893,6.633366714,5.724579081,61.07075114,3.084170572,17.58078116,18.26429713,96.64596558,1.718335079,1.635699341,0
Timor-Leste,2020,1318.442017,31.31999969,85.4956012,1.88586597,8.360029397,4.258503433,80.48779562,2.049364675,11.26233968,6.200500018,96.47695792,1.527338152,1.995703929,0
Cabo Verde,2015,524.7399902,64.29999542,85.44334237,10.25307762,4.151948319,0.151631691,72.83231411,16.37979458,10.43676077,0.35113054,92.44511451,6.851463911,0.662553628,0.040867954
Gabon,2020,2225.728027,90.09200287,85.3419306,7.735263103,6.922808357,null,44.74588901,10.51114859,44.7429624,null,89.80653917,7.42998076,2.763480072,null
Lao People's Democratic Republic,2020,7275.556152,36.29000092,85.21974318,3.566857739,10.62886799,0.584531094,78.47295942,5.598583786,15.0109696,0.917487196,97.06426222,0,2.935737778,0
Senegal,2020,16743.92969,48.12200165,84.90523779,2.387217509,12.60781566,0.09972904,75.2429282,4.052382433,20.51245174,0.192237631,95.32170094,0.592083657,4.086215402,0
Namibia,2020,2540.916016,52.03300095,84.27003628,7.08762751,3.740143722,4.902192485,71.25616743,11.97218925,7.081803759,9.689839563,96.26696535,2.584758965,0.659610264,0.488665421
Gabon,2015,1947.689941,88.11799622,83.85848655,7.722430434,4.92418211,3.494900901,43.39003316,10.19264777,21.81093263,24.60638644,89.31533187,7.389341617,2.647139145,0.648187367
Morocco,2015,34663.60938,60.80899811,83.75113288,5.937188415,8.517881858,1.793796851,64.17252874,12.25581871,19.02957964,4.542072914,96.36941502,1.864872571,1.743161481,0.022550928
Myanmar,2020,54409.79297,31.14100075,83.71819191,1.595436949,5.10942478,9.576946362,78.42256469,2.316962142,6.592393694,12.66807947,95.42788606,0,1.830283006,2.741830931
Mali,2020,20250.83398,43.90900421,82.54729103,3.854734527,12.24697135,1.35100309,72.08089521,3.78241223,21.72810084,2.408591717,95.91745475,3.947121723,0.135423531,0
Namibia,2015,2314.900879,46.90000534,82.52413515,7.275476154,4.416461411,5.783927281,70.14103138,11.72007222,7.614389637,10.52450676,96.54423562,2.243322298,0.795779889,0.416662191
Tajikistan,2020,9537.641602,27.50599861,81.85241502,2.568363935,3.421857005,12.15736404,76.6435992,3.207143928,4.140706948,16.00854992,95.58062386,0.884814476,1.527268323,2.007293339
Nicaragua,2020,6624.554199,59.01200104,81.7087538,1.506645682,13.53053114,3.254069378,59.10744663,3.520974285,29.78017368,7.5914054,97.40695661,0.107552314,2.244007656,0.241483423
Nicaragua,2015,6223.233887,57.89499664,81.35312854,1.425927388,13.835759,3.38518507,59.50465784,3.238961865,29.55960602,7.696774271,97.24275488,0.10737101,2.400356622,0.249517485
Gambia,2020,2416.664063,62.58199692,80.94040714,8.597391391,10.35285207,0.109349393,69.18852321,16.49783239,14.24376547,0.069878937,87.96690427,3.873689522,8.026457278,0.132948925
Mongolia,2015,2998.433105,68.22999573,80.81301209,3.905181378,7.578644581,7.70316195,52.09388801,5.33358915,18.71864336,23.85387948,94.18552724,3.240070405,2.391515544,0.182886811
Comoros,2019,850.8909912,29.16400146,80.21049781,10.86041131,8.929090888,null,76.91172345,11.56864724,11.51962931,null,88.22284558,9.140188495,2.29677513,0.340190797
Ghana,2015,27849.20313,54.08599854,80.15796123,7.89759919,4.426643676,7.517795899,67.20830477,11.1534648,6.335259242,15.30297119,91.15101984,5.133670929,2.806405888,0.908903345
Comoros,2015,777.4349976,28.47000122,80.13200008,10.877265,8.395193432,0.595541491,76.91172345,11.56864724,10.82245445,0.697174858,88.22284558,9.140188495,2.29677513,0.340190797
Gambia,2015,2085.860107,59.22800064,79.2101665,9.073370006,11.62401462,0.09244887,68.25489257,15.34008454,16.32238996,0.082632925,86.75167126,4.759421567,8.389701102,0.099206072
Senegal,2015,14578.4502,45.86200333,78.60209362,3.392145635,17.59491318,0.410847565,65.94120156,5.253411854,28.07919255,0.726194037,93.54769776,1.195005973,5.218700794,0.038595474
Sao Tome and Principe,2020,219.1609955,74.35400391,78.22645516,20.23798298,0.443519928,1.09204193,74.30061449,19.71184258,1.729405704,4.258137228,79.5805429,20.4194571,0,0
Kiribati,2020,119.4459991,55.59399796,77.97092085,4.076899625,17.95217953,0,60.99418489,2.096609799,36.90920532,0,91.53117485,5.658666461,2.810158691,0
Nigeria,2020,206139.5938,51.95800018,77.60905338,4.979399343,11.79691148,5.614635794,61.65821003,7.128924583,20.92487535,10.28799004,92.35770519,2.99188065,3.356908786,1.29350537
Lao People's Democratic Republic,2015,6741.160156,33.10799789,77.46057221,3.052340334,14.22792235,5.259165108,70.23968655,4.170293363,18.20222139,7.387798694,92.04977998,0.793607849,6.198176795,0.958435371
Sao Tome and Principe,2015,199.4389954,70.1740036,77.12422979,18.34430682,1.859577121,2.671886269,71.28271664,17.07304495,4.118479256,7.525759155,79.607041,18.88462966,0.899480563,0.608848777
Tajikistan,2015,8454.018555,26.74200058,76.23949551,3.050011091,3.944733748,16.76575965,69.55218206,3.681021887,4.857485512,21.90931054,94.55895539,1.321396987,1.444318955,2.675328663
Djibouti,2020,988.0020142,78.06199646,76.04992021,14.7574817,7.015876051,2.176722038,47.28073293,12.06161014,30.73550468,9.922152249,84.13501493,15.51511107,0.349874003,0
Djibouti,2015,913.9979858,77.41699219,75.78704503,14.75417119,7.39492395,2.063859825,48.75920509,12.43877762,30.37700254,8.425014754,83.67122985,15.42958572,0.690911648,0.208272785
Liberia,2020,5057.676758,52.08899689,75.26179159,8.700657475,3.488080869,12.54947006,64.10021689,6.537775797,3.383709875,25.97829744,85.52810963,10.69005698,3.58408039,0.197753001
Timor-Leste,2015,1196.293945,29.48999977,75.25010371,3.486316247,16.46074672,4.802833323,68.95938975,4.20850771,20.19524109,6.63686145,90.29108123,1.759571234,7.5316383,0.41770924
Afghanistan,2020,38928.33984,26.02599907,75.09141325,1.447541688,14.56026288,8.900782174,66.32791521,1.956824851,19.68294895,12.03231098,100,0,0,0
Mali,2015,17438.77148,39.99099731,74.39951222,4.171846453,19.37992934,2.048711981,63.39571403,4.449382415,28.94484164,3.21006192,90.91140553,3.755386657,5.027173979,0.306033834
Kiribati,2015,110.927002,51.61899948,73.84809659,2.340891569,23.81101184,0,57.92225259,1.639587928,40.43815948,0,88.774932,2.998203296,8.226864706,0
Congo,2020,5518.091797,67.82900238,73.78451158,10.46117203,9.559180722,6.195135664,45.72441318,10.6323901,24.40516973,19.23802699,87.09329616,10.37996439,2.517789997,0.008949452
Myanmar,2015,52680.72266,29.8579998,73.5874705,6.835532269,8.269037119,11.30796011,67.24961354,8.042280354,10.1459869,14.56211921,88.47627629,4.000656379,3.859732696,3.663334632
Liberia,2015,4472.229004,49.81999969,72.56979194,7.364422679,6.537233844,13.52855154,61.26318196,5.126042294,7.524148785,26.08662696,83.95810401,9.618977705,5.54318741,0.879730876
Lesotho,2020,2142.251953,29.02799988,72.17603927,10.40592597,12.21725464,5.200780116,63.65035482,13.55843013,15.73132479,7.059890254,93.02090855,2.698211997,3.625530038,0.65534942
Mauritania,2020,4649.660156,55.32699585,71.68104923,13.47689193,14.82032681,0.021732034,49.9113389,18.49039689,31.5496173,0.048646907,89.25869465,9.428808083,1.31249727,0
Cambodia,2020,16718.9707,24.23200035,71.21988497,13.90222204,5.677218558,9.200674434,65.06715583,15.51772278,7.492899307,11.92222209,90.45807717,8.85091472,0,0.691008114
Congo,2015,4856.092773,65.54299927,71.14958177,10.51052605,11.66204631,6.677845876,41.39183594,10.73957265,28.50184871,19.36674269,86.79370516,10.390113,2.809090742,0.007091096
Côte d'Ivoire,2015,23226.14844,49.44400024,71.0757669,8.767136459,14.41768054,5.739416095,55.84317172,13.1884673,22.63128471,8.337076273,86.65094535,4.246369254,6.019351236,3.083334164
Côte d'Ivoire,2020,26378.27539,51.70599747,70.90907039,8.935421702,14.19244161,5.963066293,55.72244686,13.34316829,23.17527956,7.759105289,85.09355329,4.818535156,5.80236656,4.285544994
Eswatini,2020,1160.16394,24.17100143,70.75307095,9.507067163,9.835567931,9.904293959,62.46644874,12.29969513,12.45046093,12.78339519,96.74976305,0.746064473,1.632164244,0.872008229
Lesotho,2015,2059.010986,26.90800095,70.5456894,10.86331049,14.5343829,4.056617208,63.42088315,13.04933941,18.16490493,5.364872511,89.89927614,4.925254235,4.672553616,0.502916007
Malawi,2020,19129.95508,17.42700005,70.04772851,21.95081497,5.776304407,2.22515211,66.58504376,24.41415803,6.383874146,2.616924066,86.45469821,10.27894825,2.897503996,0.368849545
Solomon Islands,2015,603.1329956,22.3599987,69.32991889,5.705267634,18.98898125,5.975832221,63.01213819,6.338468203,23.28459564,7.364797966,91.26697205,3.506623017,4.073439607,1.152965328
Nigeria,2015,181137.4531,47.83799744,68.77975546,6.713550996,14.73376246,9.772931086,53.492449,7.106440271,23.1071601,16.29395062,85.44885832,6.285149056,5.603506118,2.662486501
Togo,2020,8278.737305,42.79999924,68.58372009,6.065434765,14.16432245,11.18652269,52.11755275,8.187542019,20.7910842,18.90382103,90.58991001,3.229348056,5.307990528,0.872751405
Cambodia,2015,15521.43457,22.18799973,68.44384896,8.603248193,9.602994817,13.34990803,62.71111668,9.432045638,11.75089596,16.10594172,88.54819144,5.696703472,2.070445687,3.6846594
Solomon Islands,2020,686.8779907,24.67000008,67.30102554,5.79547831,21.26784313,5.635653025,59.40526749,6.528523649,26.955911,7.110297857,91.41077689,3.557120425,3.899286137,1.132816553
Mauritania,2015,4046.303955,51.0890007,66.9733094,14.81165357,17.63702375,0.578013282,46.69284218,18.20063085,33.9247615,1.181765464,86.38918859,11.56715369,2.043657719,0
Eswatini,2015,1104.037964,23.29999924,66.70395522,8.767617333,10.89011026,13.63831719,58.1249849,11.1820493,13.43987898,17.25308683,94.94460013,0.819680322,2.496665561,1.73905399
Haiti,2020,11402.5332,57.08799744,66.6953084,9.814543652,23.49014795,0,42.8457001,13.25598695,43.89831295,0,84.62262129,7.227673879,8.149704835,0
Malawi,2015,16745.30469,16.31299973,66.15495914,19.71603831,10.55451427,3.574488277,62.24060864,21.69810966,11.87522028,4.186061413,86.23587985,9.547849488,3.779202335,0.437068325
Cameroon,2020,26545.86328,57.56000519,65.72041818,12.87474863,15.00100626,6.403826927,43.52758112,12.67259943,30.12380645,13.676013,82.08358486,13.02379677,3.850701351,1.041917019
Benin,2020,12123.19824,48.4149971,65.41412299,9.317535586,21.97254088,3.295800547,58.05226799,12.70520504,23.97796833,5.264558634,73.25800004,5.708056353,19.83580681,1.198136794
Zambia,2020,18383.95508,44.6289978,65.41238357,6.15393902,21.57684071,6.856836706,48.22728833,8.331703613,31.60865444,11.83235362,86.73385466,3.451996194,9.130414105,0.683735046
Zimbabwe,2015,13 815,32,65,12,16,7,51,16,23,10,94,4,2,<1
Zimbabwe,2015,13814.6416,32.38499832,64.95492911,12.45676477,15.89884206,6.689464055,51.25006071,16.39672658,22.51446862,9.838744088,93.56863574,4.23071973,2.086401773,0.114242756
Benin,2015,10575.96191,45.69500351,64.7868223,8.715470654,21.29846434,5.199242713,56.78435247,11.70337067,23.77497857,7.737298286,74.29714256,5.164581154,18.35531753,2.182958756
Equatorial Guinea,2017,1262.008057,71.64599609,64.66581606,2.957999225,26.03770633,6.338478386,30.77536932,1.353579774,46.28605636,21.58499455,78.07800598,3.592950383,18.02439455,0.304649091
Haiti,2015,10695.54004,52.42699814,64.56748594,9.21848701,25.47783945,0.736187596,42.41641805,12.22889789,43.80719375,1.547490317,84.66767913,6.486797483,8.845523388,0
Equatorial Guinea,2015,1168.574951,70.61600494,64.17860165,2.934933836,26.32879888,6.557665631,30.77536932,1.353579774,46.28605636,21.58499455,78.07800598,3.592950383,18.02439455,0.304649091
Cameroon,2015,23298.37695,54.57799911,63.97399012,11.23827056,17.65135833,7.136380984,42.00566921,11.07338641,32.39404459,14.52689979,82.25690791,11.37549377,5.381903513,0.985694803
Guinea,2020,13132.79199,36.875,63.96178874,21.2815915,6.296119406,8.460500354,50.74817899,26.14432944,9.704719143,13.40277243,86.58169007,12.95724153,0.461068398,0
Sierra Leone,2020,7976.984863,42.92300034,63.76628562,9.023316357,15.5639457,11.64645233,52.75270267,5.221136889,23.14294909,18.88321135,78.41163766,14.07927743,5.485735437,2.023349475
Togo,2015,7323.162109,40.09999847,63.63712635,5.665767965,17.17891539,13.51819029,47.24218328,7.334652284,23.47003618,21.95312825,88.1273297,3.172845838,7.781455041,0.918369418
Guinea,2015,11432.0957,35.14099884,63.61538954,16.09025603,9.757980444,10.53637399,51.94915534,18.76062978,13.30971721,15.98049768,85.14750769,11.16160263,3.202620418,0.488269265
Mozambique,2020,31255.43555,37.0739975,63.36942563,9.975784507,16.72614511,9.928644759,48.8666865,12.64088359,23.6862564,14.80617352,87.98504792,5.452291027,4.912684644,1.649976404
Zimbabwe,2020,14 863,32,63,14,16,7,48,19,23,10,93,5,2,<1
Zimbabwe,2020,14862.92676,32.24200058,62.66645761,14.1975397,16.27785545,6.858147242,48.28242885,18.59098467,23.01364655,10.11293992,92.89512895,4.964517757,2.122298674,0.018054615
Burundi,2020,11890.78125,13.70800018,62.20712225,19.43969314,14.75825969,3.594924913,57.68576527,21.25148213,16.89675238,4.166000219,90.66911086,8.034462869,1.296426269,0
Kenya,2020,53771.30078,27.99499893,61.63289158,9.54187005,9.780087524,19.04515084,51.77997893,11.56900419,12.51911322,24.13190366,86.97523145,4.327944725,2.73514263,5.961681193
Afghanistan,2015,34413.60156,24.8029995,61.33978081,3.511199514,22.16878383,12.98023585,52.98850202,3.861136617,26.55326757,16.59709379,86.65894072,2.450270561,8.876035732,2.014752987
Zambia,2015,15879.37012,41.9070015,61.33874628,5.65391723,23.3359001,9.671436392,43.61683432,7.210864868,33.25721949,15.91508132,85.90549729,3.495619671,9.582613847,1.016269193
United Republic of Tanzania,2020,59734.21484,35.22700119,60.71679759,11.29007067,14.51775136,13.47538038,45.44696534,13.98368881,21.21996133,19.34938452,88.7939249,6.337231166,2.194178786,2.674665152
Yemen,2020,29825.96875,37.90799713,60.66356984,28.9627418,7.77785276,2.595835594,50.68133437,33.53021373,11.60782393,4.180627978,77.01412934,21.48137937,1.504491286,0
Sudan,2020,43849.26953,35.25299835,60.4486756,26.67001975,3.650217875,9.231086774,53.19902707,27.45764451,5.637660008,13.70566842,73.76365956,25.22343986,0,1.012900581
Rwanda,2020,12952.20898,17.43200111,60.41450115,22.3207193,13.15480415,4.109975401,55.64246823,25.08014133,14.77886772,4.498522714,83.0175993,9.250506251,5.462303057,2.269591394
Burundi,2015,10160.03418,12.07800007,59.58146925,19.53889184,14.86499258,6.01464634,55.55826691,21.16679557,16.59414457,6.680792951,88.86843759,7.688539534,2.277601866,1.165421012
Guinea-Bissau,2020,1967.998047,44.19599915,59.01691221,14.03457137,26.6263769,0.322139519,49.8319053,9.285773026,40.31645129,0.565870385,70.61434791,20.03063358,9.340625284,0.014393227
Sudan,2015,38902.94922,33.89400101,58.95025332,26.11181598,5.635847128,9.302083569,51.70743773,26.68778964,8.122567512,13.48220513,73.07645757,24.98845154,0.785810622,1.14928027
Guinea-Bissau,2015,1737.207031,42.12299728,58.76434762,10.59149221,29.74437907,0.899781093,48.42273005,7.566280361,42.58264827,1.428341318,72.97373122,14.7481336,12.10459589,0.173539289
Kenya,2015,47878.33984,25.65799904,58.19692798,8.796753977,11.52291835,21.48339969,48.27216191,10.37313934,14.21683468,27.13786408,86.95314792,4.22930427,3.717504383,5.100043429
Sierra Leone,2015,7171.90918,40.82899857,57.84746516,8.196957957,15.91095456,18.04462232,45.52971384,4.840494472,21.71696143,27.91283027,75.69883758,13.06127759,7.496659761,3.743225068
Angola,2020,32866.26953,66.82499695,57.16773762,9.287349919,19.45082534,14.09408712,27.80822661,8.740488389,22.93315258,40.51813242,71.74314862,9.558837489,17.72203473,0.975979163
Rwanda,2015,11369.06641,17.00399971,57.12177402,22.15404615,13.45013172,7.27404811,52.35270956,24.60883866,14.98060354,8.057848241,80.39943738,10.17228262,5.979935166,3.448344828
Somalia,2020,15893.21875,46.14099884,56.47697339,27.70419956,13.41704303,2.401784021,37.07586282,36.64324958,21.82149546,4.459392143,79.12330574,17.26991556,3.606778703,0
Uganda,2020,45741,24.95400047,55.85504921,27.28286,12.16590654,4.696184252,48.23118958,31.78469426,14.07616061,5.907955546,78.7828518,13.74416783,6.421044133,1.051936238
Yemen,2015,26497.88086,34.77700043,55.77886863,26.0356066,14.70974567,3.475779098,44.95826816,28.79461102,21.10381293,5.143307896,76.0725119,20.86119401,2.717904704,0.348389392
Angola,2015,27884.38086,63.44599533,54.31692835,11.36861866,17.37235635,16.94209664,26.7143694,9.931069288,21.72530762,41.62925369,70.21996512,12.19685349,14.86443147,2.718749921
Madagascar,2020,27691.01953,38.5340004,53.38588491,2.71797298,32.31145967,11.58468244,36.40642028,1.601776163,43.95389345,18.03791011,80.47000694,4.498430298,13.74049434,1.291068417
United Republic of Tanzania,2015,51482.63672,31.61700058,52.96379459,11.30893693,21.38524788,14.3420206,38.86342456,13.19289824,28.1932841,19.75039311,83.4608554,7.234201128,6.6604503,2.644493171
Eritrea,2016,3376.558105,38.82699966,51.84972018,17.59725585,13.45014014,17.10288384,27.80157647,24.49842353,20.075,27.625,89.73822453,6.724275474,3.0125,0.525
Eritrea,2015,3342.818115,38.20600128,51.46509353,17.70763334,13.55609825,17.27117488,27.80157647,24.49842353,20.075,27.625,89.73822453,6.724275474,3.0125,0.525
Mozambique,2015,27042.00195,34.40000153,51.17617521,10.3714084,26.51349315,11.93892324,35.97137876,12.36707992,34.81487395,16.84666736,80.17136583,6.565709571,10.68295442,2.579970181
Burkina Faso,2015,18110.61523,27.53000069,50.13713109,25.67354095,22.43017891,1.759149043,38.8551637,30.20218489,28.6486943,2.293957106,79.83579216,13.75233459,6.060553432,0.351319818
Ethiopia,2020,114963.5859,21.69499969,49.61557274,26.74071964,18.63506013,5.008647486,40.03013919,30.18668334,23.49561327,6.287564203,84.21282816,14.30300858,1.091582355,0.392580896
Madagascar,2015,24234.08008,35.19299698,48.89177354,2.67716038,30.40673651,18.02432957,33.14457773,1.743479446,39.69799969,25.41394313,77.88983072,4.396509873,13.29711369,4.416545719
Somalia,2015,13797.2041,43.24500275,48.71115368,23.40618776,20.15410676,7.728551789,29.2281926,28.88714853,28.97578886,12.90887001,74.28070864,16.21294199,8.576478283,0.929871092
Uganda,2015,38225.44531,22.05999947,47.84155836,30.09540377,15.10676845,6.95626942,39.71700313,34.1765633,17.51911722,8.587316348,76.54635609,15.67629339,6.58371928,1.193631242
Burkina Faso,2020,20903.27734,30.60700035,47.21485446,31.2730034,21.15863263,0.353509502,32.7182589,38.62690254,28.3404457,0.314392863,80.08191854,14.60004919,4.875836487,0.442195781
Niger,2020,24206.63672,16.62599945,46.91179747,21.6538987,27.02751244,4.406791392,39.15415932,23.98774039,31.99150648,4.866593813,85.81383976,9.950440829,2.13468778,2.101031634
Chad,2020,16425.85938,23.52000046,46.18753479,14.74028929,31.56245714,7.509718784,37.57521525,14.35396111,38.52496761,9.545856027,74.19222309,15.99651381,8.922452721,0.888810384
Democratic Republic of the Congo,2020,89561.40625,45.63800049,45.95212696,13.44122447,32.54231607,8.064332495,21.98279234,12.68294146,51.21598167,14.11828453,74.50335478,14.34445818,10.29905862,0.853128413
Niger,2015,20001.66211,16.24699974,45.48245806,16.12883696,34.71956001,3.669144972,37.32994165,17.64359486,40.88848775,4.137975751,87.50853904,8.320286196,2.918844344,1.252330425
Papua New Guinea,2020,8947.027344,13.34500027,45.34401752,2.128564452,22.15762495,30.36979308,39.07134367,2.429850293,24.43180086,34.06700517,86.07527164,0.172182261,7.390385564,6.362160532
Chad,2015,14110.9707,22.5150013,44.39909697,13.51638311,34.70273994,7.381779982,35.57890074,13.87641398,41.26615647,9.278528806,74.75365178,12.27734182,12.11485643,0.854149972
Democratic Republic of the Congo,2015,76244.53125,42.73999786,42.71817997,12.68729907,34.28402477,10.31049619,20.6225138,11.51689397,51.00984003,16.8507522,72.32037779,14.25532498,11.87596826,1.548328967
Central African Republic,2015,4493.170898,40.27700043,42.31134542,21.34399718,32.01017408,4.334483318,31.89140779,17.35785358,43.70260925,7.048129392,57.76209901,27.25467806,14.67255123,0.310671709
Ethiopia,2015,100835.4531,19.4280014,42.0700672,21.73879027,24.47785615,11.71328639,32.45176743,23.5985521,29.78155581,14.16812467,81.95917654,14.02596733,2.482299691,1.532556439
Papua New Guinea,2015,8107.771973,13.01200008,41.48550844,1.80995308,21.261052,35.44348648,34.990633,1.804724433,23.25354875,39.95109382,84.90514306,1.844907912,7.940776435,5.309172598
South Sudan,2015,10715.65723,18.85199928,41.24750946,30.69573713,13.55439295,14.50236045,36.72677973,32.66279967,14.31006538,16.30035522,60.70687736,22.22855395,10.30163914,6.762929552
South Sudan,2020,11193.72852,20.1989994,40.95092717,37.42696287,13.53755519,8.084554762,33.59362881,42.16438068,14.11109616,10.13089435,70.01770445,18.71066092,11.27163464,0
Central African Republic,2020,4829.76416,42.19799805,37.20240205,25.68237348,33.53911377,3.576110708,28.10659415,19.4058899,46.37307301,6.114442944,49.66166495,34.27978009,15.95940214,0.099152817
